Cisco community activity,Activity Links,Top Solution Authors,Author Links
How many site to site vpn tunnel we can make for FTD2100,https://community.cisco.com/t5/network-security/how-many-site-to-site-vpn-tunnel-we-can-make-for-ftd2100/td-p/4787263/jump-to/first-unread-message,balaji.bandi,https://community.cisco.com/t5/user/viewprofilepage/user-id/286878
l need help cisco,https://community.cisco.com/t5/wireless/l-need-help-cisco/td-p/4787258/jump-to/first-unread-message,MHM Cisco World,https://community.cisco.com/t5/user/viewprofilepage/user-id/1065752
what is Enterprise Feature Access,https://community.cisco.com/t5/ip-telephony-and-phones/what-is-enterprise-feature-access/td-p/4787274/jump-to/first-unread-message,Rob Ingram,https://community.cisco.com/t5/user/viewprofilepage/user-id/97036
Routing,https://community.cisco.com/t5/routing/routing/td-p/4787079/jump-to/first-unread-message,Leo Laohoo,https://community.cisco.com/t5/user/viewprofilepage/user-id/326026
"For Leaf LST, LET, RET, GST",https://community.cisco.com/t5/application-centric-infrastructure/for-leaf-lst-let-ret-gst/td-p/4787272/jump-to/first-unread-message,Roger Kallberg,https://community.cisco.com/t5/user/viewprofilepage/user-id/285777
Cannot get Cisco 2800 routers to route,https://community.cisco.com/t5/routing/cannot-get-cisco-2800-routers-to-route/td-p/4787181/jump-to/first-unread-message,marce1000,https://community.cisco.com/t5/user/viewprofilepage/user-id/291804
UCS-Fabric Interconnect,https://community.cisco.com/t5/unified-computing-system-discussions/ucs-fabric-interconnect/td-p/4787238/jump-to/first-unread-message,Rich R,https://community.cisco.com/t5/user/viewprofilepage/user-id/244975
nso & netbox,https://community.cisco.com/t5/nso-developer-hub-discussions/nso-amp-netbox/td-p/4787233/jump-to/first-unread-message,Joseph W. Doherty,https://community.cisco.com/t5/user/viewprofilepage/user-id/325977
How to bulk configure APs on the 9800?,https://community.cisco.com/t5/wireless/how-to-bulk-configure-aps-on-the-9800/td-p/4786298/jump-to/first-unread-message,Scott Fella,https://community.cisco.com/t5/user/viewprofilepage/user-id/326193
Security K9 package,https://community.cisco.com/t5/integrated-security-platform/security-k9-package/td-p/4787219/jump-to/first-unread-message,b.winter,https://community.cisco.com/t5/user/viewprofilepage/user-id/368566
copying config from a file into running-config,https://community.cisco.com/t5/switching/copying-config-from-a-file-into-running-config/td-p/4787237/jump-to/first-unread-message,Jonathan Schulenberg,https://community.cisco.com/t5/user/viewprofilepage/user-id/324968
"3 PCs (PC1, PC2, and PC3)connected through a Hub device",https://community.cisco.com/t5/switching/3-pcs-pc1-pc2-and-pc3-connected-through-a-hub-device/td-p/4787235/jump-to/first-unread-message,Nithin Eluvathingal,https://community.cisco.com/t5/user/viewprofilepage/user-id/182972
logging console 7 doesnt work in packet tracer,https://community.cisco.com/t5/network-management/logging-console-7-doesnt-work-in-packet-tracer/td-p/4787207/jump-to/first-unread-message,Marvin Rhoads,https://community.cisco.com/t5/user/viewprofilepage/user-id/326046
Aironet 2621 E K9 software upgrade,https://community.cisco.com/t5/network-security/aironet-2621-e-k9-software-upgrade/td-p/4787065/jump-to/first-unread-message,David Ruess,https://community.cisco.com/t5/user/viewprofilepage/user-id/162233
are hubs ok in a network?,https://community.cisco.com/t5/switching/are-hubs-ok-in-a-network/td-p/4770314/jump-to/first-unread-message,Sheraz.Salim,https://community.cisco.com/t5/user/viewprofilepage/user-id/287680
,,Kasun Bandara,https://community.cisco.com/t5/user/viewprofilepage/user-id/182793
,,M02@rt37,https://community.cisco.com/t5/user/viewprofilepage/user-id/237724
,,Richard Burts,https://community.cisco.com/t5/user/viewprofilepage/user-id/326229
,,Georg Pauwen,https://community.cisco.com/t5/user/viewprofilepage/user-id/162085
,,Marius Gunnerud,https://community.cisco.com/t5/user/viewprofilepage/user-id/319690
,,paul driver,https://community.cisco.com/t5/user/viewprofilepage/user-id/326012
,,Haydn Andrews,https://community.cisco.com/t5/user/viewprofilepage/user-id/332987
,,Damien Miller,https://community.cisco.com/t5/user/viewprofilepage/user-id/320219
,,ilay,https://community.cisco.com/t5/user/viewprofilepage/user-id/135866
,,Ken Stieers,https://community.cisco.com/t5/user/viewprofilepage/user-id/321979
,,Elliot Dierksen,https://community.cisco.com/t5/user/viewprofilepage/user-id/319015
,,bigevilbeard,https://community.cisco.com/t5/user/viewprofilepage/user-id/352839
,,Arshad Safrulla,https://community.cisco.com/t5/user/viewprofilepage/user-id/465548
,,YilinChen,https://community.cisco.com/t5/user/viewprofilepage/user-id/1134158
,,bill.king1,https://community.cisco.com/t5/user/viewprofilepage/user-id/285155
,,ahollifield,https://community.cisco.com/t5/user/viewprofilepage/user-id/199513
,,pieterh,https://community.cisco.com/t5/user/viewprofilepage/user-id/321784
,,jmaxwellUSAF,https://community.cisco.com/t5/user/viewprofilepage/user-id/1443661
,,dtibbe,https://community.cisco.com/t5/user/viewprofilepage/user-id/922347
,,Calin Cristea,https://community.cisco.com/t5/user/viewprofilepage/user-id/253086
,,Daniel Ordóñez Flores,https://community.cisco.com/t5/user/viewprofilepage/user-id/325399
,,luis_cordova,https://community.cisco.com/t5/user/viewprofilepage/user-id/624661
,,Marcel Zehnder,https://community.cisco.com/t5/user/viewprofilepage/user-id/293649
,,Karsten Iwen,https://community.cisco.com/t5/user/viewprofilepage/user-id/325766
,,Sergiu.Daniluk,https://community.cisco.com/t5/user/viewprofilepage/user-id/1017682
,,Aref Alsouqi,https://community.cisco.com/t5/user/viewprofilepage/user-id/284594
,,RedNectar,https://community.cisco.com/t5/user/viewprofilepage/user-id/320756
,,Sandeep Choudhary,https://community.cisco.com/t5/user/viewprofilepage/user-id/323059
,,Reza Sharifi,https://community.cisco.com/t5/user/viewprofilepage/user-id/326194
,,Marcelo Morais,https://community.cisco.com/t5/user/viewprofilepage/user-id/17232
,,stayd,https://community.cisco.com/t5/user/viewprofilepage/user-id/253196
,,thiru.vel10,https://community.cisco.com/t5/user/viewprofilepage/user-id/289324
,,MrButton,https://community.cisco.com/t5/user/viewprofilepage/user-id/467168
,,Akira Muranaka,https://community.cisco.com/t5/user/viewprofilepage/user-id/338597
,,umeshpathak,https://community.cisco.com/t5/user/viewprofilepage/user-id/1460057
,,r1127hyduk,https://community.cisco.com/t5/user/viewprofilepage/user-id/262692
,,ziqex,https://community.cisco.com/t5/user/viewprofilepage/user-id/640629
,,andy!doesnt!like!uucp,https://community.cisco.com/t5/user/viewprofilepage/user-id/293790
,,mateev.borislav,https://community.cisco.com/t5/user/viewprofilepage/user-id/789272
,,valipourmoj,https://community.cisco.com/t5/user/viewprofilepage/user-id/1471793
,,DanDan,https://community.cisco.com/t5/user/viewprofilepage/user-id/1268200
,,angel9999,https://community.cisco.com/t5/user/viewprofilepage/user-id/1288497
,,Tariq Mahmoud,https://community.cisco.com/t5/user/viewprofilepage/user-id/1472433
,,ipagliani,https://community.cisco.com/t5/user/viewprofilepage/user-id/287170
,,Sam22,https://community.cisco.com/t5/user/viewprofilepage/user-id/1450062
,,Adam Pawlowski,https://community.cisco.com/t5/user/viewprofilepage/user-id/252495
,,Jay Russell Santos,https://community.cisco.com/t5/user/viewprofilepage/user-id/316770
,,Jon Marshall,https://community.cisco.com/t5/user/viewprofilepage/user-id/324049
,,Omar Deen,https://community.cisco.com/t5/user/viewprofilepage/user-id/329816
,,Rps-Cheers,https://community.cisco.com/t5/user/viewprofilepage/user-id/457909
,,JT83210,https://community.cisco.com/t5/user/viewprofilepage/user-id/1127998
,,ravi.pandey,https://community.cisco.com/t5/user/viewprofilepage/user-id/1335302
,,LukasRa,https://community.cisco.com/t5/user/viewprofilepage/user-id/1453948
,,Fred SM,https://community.cisco.com/t5/user/viewprofilepage/user-id/1465207
,,Jennifer Fumoso,https://community.cisco.com/t5/user/viewprofilepage/user-id/175954
,,Dmytro Benda,https://community.cisco.com/t5/user/viewprofilepage/user-id/289048
,,Jurgens L,https://community.cisco.com/t5/user/viewprofilepage/user-id/317493
,,AJ Cruz,https://community.cisco.com/t5/user/viewprofilepage/user-id/324518
,,exadmin,https://community.cisco.com/t5/user/viewprofilepage/user-id/933451
,,brianw360,https://community.cisco.com/t5/user/viewprofilepage/user-id/1341725
,,JakeYllus,https://community.cisco.com/t5/user/viewprofilepage/user-id/1454109
,,shiva13,https://community.cisco.com/t5/user/viewprofilepage/user-id/1466247
,,Flavio Miranda,https://community.cisco.com/t5/user/viewprofilepage/user-id/178747
,,Leonardo Santana,https://community.cisco.com/t5/user/viewprofilepage/user-id/317733
,,JPavonM,https://community.cisco.com/t5/user/viewprofilepage/user-id/324840
,,dcanady55,https://community.cisco.com/t5/user/viewprofilepage/user-id/333484
,,tadkov,https://community.cisco.com/t5/user/viewprofilepage/user-id/968015
,,carstenlymann1,https://community.cisco.com/t5/user/viewprofilepage/user-id/1189243
,,SAM1275,https://community.cisco.com/t5/user/viewprofilepage/user-id/1366250
,,jmeetze,https://community.cisco.com/t5/user/viewprofilepage/user-id/1454535
,,idot,https://community.cisco.com/t5/user/viewprofilepage/user-id/1466322
,,shockocisco,https://community.cisco.com/t5/user/viewprofilepage/user-id/42930
,,Maren Mahoney,https://community.cisco.com/t5/user/viewprofilepage/user-id/179236
,,rbill1967,https://community.cisco.com/t5/user/viewprofilepage/user-id/253858
,,Massimo Baschieri,https://community.cisco.com/t5/user/viewprofilepage/user-id/290657
,,jocke9292,https://community.cisco.com/t5/user/viewprofilepage/user-id/333542
,,sean.eckton,https://community.cisco.com/t5/user/viewprofilepage/user-id/498800
,,MyHomeNWLab,https://community.cisco.com/t5/user/viewprofilepage/user-id/1007285
,,adamscottmaster2013,https://community.cisco.com/t5/user/viewprofilepage/user-id/1191533
,,ibasuki,https://community.cisco.com/t5/user/viewprofilepage/user-id/1368942
,,FrejusMA,https://community.cisco.com/t5/user/viewprofilepage/user-id/1455489
,,kylesmith17,https://community.cisco.com/t5/user/viewprofilepage/user-id/1468605
,,davidgfriedman,https://community.cisco.com/t5/user/viewprofilepage/user-id/52811
,,bcramer04,https://community.cisco.com/t5/user/viewprofilepage/user-id/179913
,,steeda,https://community.cisco.com/t5/user/viewprofilepage/user-id/256238
,,Shalid Kurunnan Chalil,https://community.cisco.com/t5/user/viewprofilepage/user-id/291342
,,mlund,https://community.cisco.com/t5/user/viewprofilepage/user-id/319172
,,Seb Rupik,https://community.cisco.com/t5/user/viewprofilepage/user-id/324976
,,mrTeigen,https://community.cisco.com/t5/user/viewprofilepage/user-id/611887
,,DvN-EPPCA,https://community.cisco.com/t5/user/viewprofilepage/user-id/1013007
,,Difan_Zhao,https://community.cisco.com/t5/user/viewprofilepage/user-id/1211652
,,irissen,https://community.cisco.com/t5/user/viewprofilepage/user-id/1374775
,,iskandar,https://community.cisco.com/t5/user/viewprofilepage/user-id/1458295
,,Immp,https://community.cisco.com/t5/user/viewprofilepage/user-id/1468867
,,bjmcveety,https://community.cisco.com/t5/user/viewprofilepage/user-id/58746
,,Cameron Whitehead,https://community.cisco.com/t5/user/viewprofilepage/user-id/180727
,,mcvosi,https://community.cisco.com/t5/user/viewprofilepage/user-id/257864
,,BjoernMartin,https://community.cisco.com/t5/user/viewprofilepage/user-id/319201
,,moshe.leyzerman,https://community.cisco.com/t5/user/viewprofilepage/user-id/345149
,,Kathy N.,https://community.cisco.com/t5/user/viewprofilepage/user-id/1014170
,,349797592@qq.com,https://community.cisco.com/t5/user/viewprofilepage/user-id/1217072
,,SROD,https://community.cisco.com/t5/user/viewprofilepage/user-id/1377489
,,reefiam48,https://community.cisco.com/t5/user/viewprofilepage/user-id/1470421
,,shaikh.zaid22,https://community.cisco.com/t5/user/viewprofilepage/user-id/58993
,,0_Kiss,https://community.cisco.com/t5/user/viewprofilepage/user-id/345257
,,id404,https://community.cisco.com/t5/user/viewprofilepage/user-id/1017561
,,Amar_Tufo,https://community.cisco.com/t5/user/viewprofilepage/user-id/1225412
,,Arthur Martez,https://community.cisco.com/t5/user/viewprofilepage/user-id/1396604
,,kevin251,https://community.cisco.com/t5/user/viewprofilepage/user-id/1461487
,,JQU,https://community.cisco.com/t5/user/viewprofilepage/user-id/1471209
,,lpersing,https://community.cisco.com/t5/user/viewprofilepage/user-id/67405
,,masoudigram,https://community.cisco.com/t5/user/viewprofilepage/user-id/281985
,,jagan.chowdam,https://community.cisco.com/t5/user/viewprofilepage/user-id/319960
,,Giuseppe Larosa,https://community.cisco.com/t5/user/viewprofilepage/user-id/325924
,,Defdefred,https://community.cisco.com/t5/user/viewprofilepage/user-id/1227981
,,Chris Terry,https://community.cisco.com/t5/user/viewprofilepage/user-id/1416133
,,juddcharles,https://community.cisco.com/t5/user/viewprofilepage/user-id/1462454
,,Vincent Carrette,https://community.cisco.com/t5/user/viewprofilepage/user-id/1471447
,,whirschmann,https://community.cisco.com/t5/user/viewprofilepage/user-id/84971
,,itm.i11.team,https://community.cisco.com/t5/user/viewprofilepage/user-id/189304
,,Nilay Patel,https://community.cisco.com/t5/user/viewprofilepage/user-id/294514
,,DrikusBrits,https://community.cisco.com/t5/user/viewprofilepage/user-id/358336
,,Ethan and Mia,https://community.cisco.com/t5/user/viewprofilepage/user-id/821677
,,jrh,https://community.cisco.com/t5/user/viewprofilepage/user-id/1041644
,,Francisco Zicre,https://community.cisco.com/t5/user/viewprofilepage/user-id/1228044
,,P4n0r4m1x,https://community.cisco.com/t5/user/viewprofilepage/user-id/1424656
,,JamesPipe,https://community.cisco.com/t5/user/viewprofilepage/user-id/1462838
,,croberts20,https://community.cisco.com/t5/user/viewprofilepage/user-id/86947
,,rhuysmans,https://community.cisco.com/t5/user/viewprofilepage/user-id/198149
,,kgroves42,https://community.cisco.com/t5/user/viewprofilepage/user-id/295900
,,Mike.Cifelli,https://community.cisco.com/t5/user/viewprofilepage/user-id/833210
,,nupagazi,https://community.cisco.com/t5/user/viewprofilepage/user-id/1044427
,,Ciscorocks,https://community.cisco.com/t5/user/viewprofilepage/user-id/1255945
,,jm-barreto,https://community.cisco.com/t5/user/viewprofilepage/user-id/1434444
,,Josel Morrison,https://community.cisco.com/t5/user/viewprofilepage/user-id/1462880
,,ve9gc,https://community.cisco.com/t5/user/viewprofilepage/user-id/1471812
,,Peter Koltl,https://community.cisco.com/t5/user/viewprofilepage/user-id/285490
,,Scott Larsen,https://community.cisco.com/t5/user/viewprofilepage/user-id/297903
,,edwardwaithaka,https://community.cisco.com/t5/user/viewprofilepage/user-id/321491
,,trumarknet,https://community.cisco.com/t5/user/viewprofilepage/user-id/408065
,,brijesh yadav,https://community.cisco.com/t5/user/viewprofilepage/user-id/837812
,,Wizard4777,https://community.cisco.com/t5/user/viewprofilepage/user-id/1062272
,,Jeffrey Becker,https://community.cisco.com/t5/user/viewprofilepage/user-id/1438058
,,yellapragada20,https://community.cisco.com/t5/user/viewprofilepage/user-id/1463451
,,jamespotts,https://community.cisco.com/t5/user/viewprofilepage/user-id/1471821
,,cja56910tf,https://community.cisco.com/t5/user/viewprofilepage/user-id/285700
,,Gaurav  Kansal,https://community.cisco.com/t5/user/viewprofilepage/user-id/298095
,,kingstdz,https://community.cisco.com/t5/user/viewprofilepage/user-id/426906
,,GaeMi,https://community.cisco.com/t5/user/viewprofilepage/user-id/867009
,,guy.whitehouse@ft.com,https://community.cisco.com/t5/user/viewprofilepage/user-id/1288162
,,BPHY11,https://community.cisco.com/t5/user/viewprofilepage/user-id/1439095
,,LetsFixIt,https://community.cisco.com/t5/user/viewprofilepage/user-id/1463766
,,Konstantin20147,https://community.cisco.com/t5/user/viewprofilepage/user-id/1471883
,,zachartl,https://community.cisco.com/t5/user/viewprofilepage/user-id/142559
,,sean Riley,https://community.cisco.com/t5/user/viewprofilepage/user-id/243045
,,garybrophy,https://community.cisco.com/t5/user/viewprofilepage/user-id/307783
,,johnlloyd_13,https://community.cisco.com/t5/user/viewprofilepage/user-id/326072
,,Thomas G. Johannesen,https://community.cisco.com/t5/user/viewprofilepage/user-id/432965
,,slfashley,https://community.cisco.com/t5/user/viewprofilepage/user-id/868584
,,user64595,https://community.cisco.com/t5/user/viewprofilepage/user-id/1078892
,,GF78,https://community.cisco.com/t5/user/viewprofilepage/user-id/1463948
,,sp2720401,https://community.cisco.com/t5/user/viewprofilepage/user-id/148971
,,aamir.aleem,https://community.cisco.com/t5/user/viewprofilepage/user-id/310303
,,Garry Cooper,https://community.cisco.com/t5/user/viewprofilepage/user-id/322328
,,cchavezpadky,https://community.cisco.com/t5/user/viewprofilepage/user-id/446798
,,~Saj~,https://community.cisco.com/t5/user/viewprofilepage/user-id/877766
,,Nikhil5,https://community.cisco.com/t5/user/viewprofilepage/user-id/1083557
,,Garvan Long ,https://community.cisco.com/t5/user/viewprofilepage/user-id/1289493
,,sybrand struwig,https://community.cisco.com/t5/user/viewprofilepage/user-id/1445933
,,kkrystal7,https://community.cisco.com/t5/user/viewprofilepage/user-id/1464113
,,Arne Bier,https://community.cisco.com/t5/user/viewprofilepage/user-id/158532
,,ifabrizio,https://community.cisco.com/t5/user/viewprofilepage/user-id/249287
,,yamashita.ry-03,https://community.cisco.com/t5/user/viewprofilepage/user-id/314434
,,adamgerber,https://community.cisco.com/t5/user/viewprofilepage/user-id/447604
,,S3C,https://community.cisco.com/t5/user/viewprofilepage/user-id/1089849
,,kyoussef,https://community.cisco.com/t5/user/viewprofilepage/user-id/1295118
,,MyRickyem,https://community.cisco.com/t5/user/viewprofilepage/user-id/1464763
,,rainerkoehler,https://community.cisco.com/t5/user/viewprofilepage/user-id/249894
,,Julio E. Moisa,https://community.cisco.com/t5/user/viewprofilepage/user-id/287409
,,Johannes Luther,https://community.cisco.com/t5/user/viewprofilepage/user-id/316548
,,andrew.butterworth,https://community.cisco.com/t5/user/viewprofilepage/user-id/323185
,,cchiteta,https://community.cisco.com/t5/user/viewprofilepage/user-id/452175
,,ITTEAM6196842,https://community.cisco.com/t5/user/viewprofilepage/user-id/920589
,,eeebbunee,https://community.cisco.com/t5/user/viewprofilepage/user-id/1110274
,,Dominic Stalder,https://community.cisco.com/t5/user/viewprofilepage/user-id/1302038
,,kgdavidson,https://community.cisco.com/t5/user/viewprofilepage/user-id/1452790
,,Fred SM,https://community.cisco.com/t5/user/viewprofilepage/user-id/1465207
