Intel Posts,Blog Titles,Blog Description,Post Links,Blog Links
2023 Q1 Intel® & LRL Webinar: Blazingly Fast Self-Searching Storage Accelerates Big Data Analytics,@Intel,"
			Learn about Intel Careers, Culture, Policies and Corporate Social Responsibility
		",https://community.intel.com/t5/Blogs/Products-and-Solutions/FPGA/2023-Q1-Intel-LRL-Webinar-Blazingly-Fast-Self-Searching-Storage/post/1460736,https://community.intel.com/t5/Intel/ct-p/intel
The National Cybersecurity Strategy – A Step Forward in Promoting a Secure & Resilient Supply Chain,Products and Solutions,"
			Engage with our experts on Intel products and solutions
		",https://community.intel.com/t5/Blogs/Intel/Policy-Intel/The-National-Cybersecurity-Strategy-A-Step-Forward-in-Promoting/post/1461206,https://community.intel.com/t5/Products-and-Solutions/ct-p/products-solutions
Quantum Research Kernels Workshop,Tech Innovation,"
			Engage with our experts on topics in tech innovation.
		",https://community.intel.com/t5/Blogs/Tech-Innovation/Data-Center/Quantum-Research-Kernels-Workshop/post/1458013,https://community.intel.com/t5/Tech-Innovation/ct-p/tech-innovation
Intel Labs’ Investment in Telemetry Center of Excellence Produces Valuable Industry Insights,Thought Leadership,"
			Learn what our Intel Executives are thinking
		",https://community.intel.com/t5/Blogs/Tech-Innovation/Data-Center/Intel-Labs-Investment-in-Telemetry-Center-of-Excellence-Produces/post/1460669,https://community.intel.com/t5/Thought-Leadership/ct-p/thought-leadership
Quantum Researchers Use Intel Quantum SDK to Explore Complex Problem Solving,Customer Success,"
			Learn how Intel partners and customers are moving the world forward through technology innovation
		",https://community.intel.com/t5/Blogs/Tech-Innovation/Data-Center/Quantum-Researchers-Use-Intel-Quantum-SDK-to-Explore-Complex/post/1458788,https://community.intel.com/t5/Customer-Success/ct-p/customer-success
Meetup: CPU Accelerated Fine-Tuning for Image Segmentation using PyTorch,,,https://community.intel.com/t5/Blogs/Tech-Innovation/Artificial-Intelligence-AI/Meetup-CPU-Accelerated-Fine-Tuning-for-Image-Segmentation-using/post/1459965,
On-Demand Webinar: Optimize Transformer Model Performance with Intel and Hugging Face,,,https://community.intel.com/t5/Blogs/Tech-Innovation/Artificial-Intelligence-AI/On-Demand-Webinar-Optimize-Transformer-Model-Performance-with/post/1459881,
Unleash HDR Editing with Affinity Photo 2 Optimized on Intel,,,https://community.intel.com/t5/Blogs/Tech-Innovation/Client/Unleash-HDR-Editing-with-Affinity-Photo-2-Optimized-on-Intel/post/1459186,
Accelerate Deployment of Immersive Visual Services with Intel’s Converged Edge Media Platform,,,https://community.intel.com/t5/Blogs/Tech-Innovation/Edge-5G/Accelerate-Deployment-of-Immersive-Visual-Services-with-Intel-s/post/1456624,
Intel and Hewlett Packard Enterprise are building on longstanding leadership to drive 5G,,,https://community.intel.com/t5/Blogs/Tech-Innovation/Edge-5G/Intel-and-Hewlett-Packard-Enterprise-are-building-on/post/1458509,
Intel Showcasing MEC Blueprint for Private 5G Zero Trust Access at MWC ‘23,,,https://community.intel.com/t5/Blogs/Tech-Innovation/Edge-5G/Intel-Showcasing-MEC-Blueprint-for-Private-5G-Zero-Trust-Access/post/1458518,
Intel® announces Agilex™ 7 FPGAs Enhanced for Datacenter and Network Infrastructure Workloads,,,https://community.intel.com/t5/Blogs/Products-and-Solutions/FPGA/Intel-announces-Agilex-7-FPGAs-Enhanced-for-Datacenter-and/post/1455940,
The future of RAN is on standard compute,,,https://community.intel.com/t5/Blogs/Tech-Innovation/Edge-5G/The-future-of-RAN-is-on-standard-compute/post/1458508,
A Look Ahead at Mobility in 2023,,,https://community.intel.com/t5/Blogs/Thought-Leadership/Big-Ideas/A-Look-Ahead-at-Mobility-in-2023/post/1452426,
CCG Team Spotlight: How Intel’s Own Telemetry Data Helps Uncover and Solve Complex Issues,,,https://community.intel.com/t5/Blogs/Intel/We-Are-Intel/CCG-Team-Spotlight-How-Intel-s-Own-Telemetry-Data-Helps-Uncover/post/1459119,
Optimizing Redis' Default Compiler Flags,,,https://community.intel.com/t5/Blogs/Tech-Innovation/Cloud/Optimizing-Redis-Default-Compiler-Flags/post/1456604,
Enabling In-Memory Computing for Artificial Intelligence Part 1: The Analog Approach,,,https://community.intel.com/t5/Blogs/Tech-Innovation/Artificial-Intelligence-AI/Enabling-In-Memory-Computing-for-Artificial-Intelligence-Part-1/post/1455921,
Live Webinar: Getting Started with Habana: Deep Speed Optimization on Large Models,,,https://community.intel.com/t5/Blogs/Tech-Innovation/Artificial-Intelligence-AI/Live-Webinar-Getting-Started-with-Habana-Deep-Speed-Optimization/post/1455087,
